{"cameraMode":{"drawMode":0,"name":"Shaded","section":"Shading Mode"},"sceneLighting":false,"audioPlay":false,"sceneViewState":{"showFog":true,"showMaterialUpdate":false,"showSkybox":true,"showFlares":true,"showImageEffects":true,"showParticleSystems":true},"in2DMode":false,"pivot":{"x":0.1491013467311859,"y":3.2823808193206789,"z":0.24088096618652345},"rotation":{"x":0.1434963196516037,"y":0.009502452798187733,"z":-0.001377803971990943,"w":0.9896047115325928},"size":2.357053279876709,"orthographic":false}