{"cameraMode":{"drawMode":0,"name":"Shaded","section":"Shading Mode"},"sceneLighting":false,"audioPlay":false,"sceneViewState":{"showFog":true,"showMaterialUpdate":false,"showSkybox":true,"showFlares":true,"showImageEffects":true,"showParticleSystems":true},"in2DMode":false,"pivot":{"x":0.06476354598999024,"y":3.272528648376465,"z":1.2735726833343506},"rotation":{"x":-0.0033077422995120289,"y":0.033590927720069888,"z":-0.0001111525489250198,"w":-0.9994322657585144},"size":3.593092441558838,"orthographic":false}