{"cameraMode":{"drawMode":0,"name":"Shaded","section":"Shading Mode"},"sceneLighting":false,"audioPlay":false,"sceneViewState":{"showFog":true,"showMaterialUpdate":false,"showSkybox":true,"showFlares":true,"showImageEffects":true,"showParticleSystems":true},"in2DMode":false,"pivot":{"x":-0.5102358460426331,"y":-0.12192533910274506,"z":2.4870426654815676},"rotation":{"x":0.010174988768994809,"y":0.05456702411174774,"z":0.0005559961427934468,"w":-0.9984583854675293},"size":5.080492973327637,"orthographic":false}