{"cameraMode":{"drawMode":0,"name":"Shaded","section":"Shading Mode"},"sceneLighting":true,"audioPlay":false,"sceneViewState":{"showFog":true,"showMaterialUpdate":false,"showSkybox":true,"showFlares":true,"showImageEffects":true,"showParticleSystems":true},"in2DMode":false,"pivot":{"x":561.8217163085938,"y":1266.2340087890625,"z":275.8814697265625},"rotation":{"x":-0.00030961958691477776,"y":0.008096969686448574,"z":-0.0000025307135729235598,"w":-0.9999672770500183},"size":2395.269775390625,"orthographic":false}